Datetime,Water Level (m)
2025-02-10 12:00:00,0.04680554
2025-02-10 13:00:00,0.073604025
2025-02-10 14:00:00,0.05891901
2025-02-10 15:00:00,0.015798774
2025-02-10 16:00:00,-0.010482549
2025-02-10 17:00:00,-0.02144618
2025-02-10 18:00:00,-0.052782316
2025-02-10 19:00:00,-0.09541875
2025-02-10 20:00:00,-0.12969324
2025-02-10 21:00:00,-0.13257526
2025-02-10 22:00:00,-0.04229227
2025-02-10 23:00:00,0.07902117
2025-02-11 00:00:00,0.14634778
2025-02-11 01:00:00,0.18929258
2025-02-11 02:00:00,0.2451481
2025-02-11 03:00:00,0.26489037
2025-02-11 04:00:00,0.21151824
2025-02-11 05:00:00,0.16139075
2025-02-11 06:00:00,0.13970922
2025-02-11 07:00:00,0.105245814
2025-02-11 08:00:00,0.058213048
2025-02-11 09:00:00,0.012584066
2025-02-11 10:00:00,-0.017910806
2025-02-11 11:00:00,0.02481958
2025-02-11 12:00:00,0.14610037
2025-02-11 13:00:00,0.22333504
2025-02-11 14:00:00,0.23067208
2025-02-11 15:00:00,0.21623988
2025-02-11 16:00:00,0.1651147
2025-02-11 17:00:00,0.13484322
2025-02-11 18:00:00,0.11372224
2025-02-11 19:00:00,0.07554859
2025-02-11 20:00:00,0.031833027
2025-02-11 21:00:00,-0.0079379985
2025-02-11 22:00:00,-0.009734305
2025-02-11 23:00:00,0.110226385
2025-02-12 00:00:00,0.22954959
2025-02-12 01:00:00,0.281924
2025-02-12 02:00:00,0.32187566
2025-02-12 03:00:00,0.3605542
2025-02-12 04:00:00,0.3405954
2025-02-12 05:00:00,0.2779249
2025-02-12 06:00:00,0.243628
2025-02-12 07:00:00,0.2148686
2025-02-12 08:00:00,0.16901536
2025-02-12 09:00:00,0.11878172
2025-02-12 10:00:00,0.071229324
2025-02-12 11:00:00,0.058380287
2025-02-12 12:00:00,0.16087165
2025-02-12 13:00:00,0.27785444
2025-02-12 14:00:00,0.31492484
2025-02-12 15:00:00,0.30461866
2025-02-12 16:00:00,0.26896885
2025-02-12 17:00:00,0.22225994
2025-02-12 18:00:00,0.20176457
2025-02-12 19:00:00,0.17181891
2025-02-12 20:00:00,0.12518547
2025-02-12 21:00:00,0.07618056
2025-02-12 22:00:00,0.03682225
2025-02-12 23:00:00,0.06809985
2025-02-13 00:00:00,0.20909756
2025-02-13 01:00:00,0.31019038
2025-02-13 02:00:00,0.34290642
2025-02-13 03:00:00,0.38264066
2025-02-13 04:00:00,0.39399242
2025-02-13 05:00:00,0.34261557
2025-02-13 06:00:00,0.29520294
2025-02-13 07:00:00,0.26873308
2025-02-13 08:00:00,0.22794163
2025-02-13 09:00:00,0.17532697
2025-02-13 10:00:00,0.123240255
2025-02-13 11:00:00,0.08444683
2025-02-13 12:00:00,0.12883317
2025-02-13 13:00:00,0.26196715
2025-02-13 14:00:00,0.34213582
2025-02-13 15:00:00,0.34528017
2025-02-13 16:00:00,0.33388773
2025-02-13 17:00:00,0.28336236
2025-02-13 18:00:00,0.25165737
2025-02-13 19:00:00,0.22534086
2025-02-13 20:00:00,0.18235783
2025-02-13 21:00:00,0.13216265
2025-02-13 22:00:00,0.08285238
2025-02-13 23:00:00,0.057476386
2025-02-14 00:00:00,0.14735867
2025-02-14 01:00:00,0.28419164
2025-02-14 02:00:00,0.35185382
2025-02-14 03:00:00,0.3765114
2025-02-14 04:00:00,0.40533763
2025-02-14 05:00:00,0.3779749
2025-02-14 06:00:00,0.32000697
2025-02-14 07:00:00,0.28716987
2025-02-14 08:00:00,0.2533254
2025-02-14 09:00:00,0.20316163
2025-02-14 10:00:00,0.14986578
2025-02-14 11:00:00,0.102119654
2025-02-14 12:00:00,0.093799464
2025-02-14 13:00:00,0.20222488
2025-02-14 14:00:00,0.31347445
2025-02-14 15:00:00,0.34926042
2025-02-14 16:00:00,0.35176575
2025-02-14 17:00:00,0.3257645
2025-02-14 18:00:00,0.27510825
2025-02-14 19:00:00,0.24723059
2025-02-14 20:00:00,0.21580811
2025-02-14 21:00:00,0.1685799
2025-02-14 22:00:00,0.117764555
2025-02-14 23:00:00,0.07258937
2025-02-15 00:00:00,0.0864209
2025-02-15 01:00:00,0.22603709
2025-02-15 02:00:00,0.3351519
2025-02-15 03:00:00,0.36792052
2025-02-15 04:00:00,0.3966401
2025-02-15 05:00:00,0.3972597
2025-02-15 06:00:00,0.34426737
2025-02-15 07:00:00,0.30140427
2025-02-15 08:00:00,0.2716809
2025-02-15 09:00:00,0.2271828
2025-02-15 10:00:00,0.17427222
2025-02-15 11:00:00,0.122756205
2025-02-15 12:00:00,0.09025247
2025-02-15 13:00:00,0.15989824
2025-02-15 14:00:00,0.2933478
2025-02-15 15:00:00,0.35968417
2025-02-15 16:00:00,0.36470807
2025-02-15 17:00:00,0.36834446
2025-02-15 18:00:00,0.3232117
2025-02-15 19:00:00,0.2821982
2025-02-15 20:00:00,0.2552028
2025-02-15 21:00:00,0.21460426
2025-02-15 22:00:00,0.16411221
2025-02-15 23:00:00,0.11352407
2025-02-16 00:00:00,0.084246755
2025-02-16 01:00:00,0.16681233
2025-02-16 02:00:00,0.30280557
2025-02-16 03:00:00,0.37062678
2025-02-16 04:00:00,0.3871713
2025-02-16 05:00:00,0.40316358
2025-02-16 06:00:00,0.36548668
2025-02-16 07:00:00,0.31623974
2025-02-16 08:00:00,0.28601697
2025-02-16 09:00:00,0.24823216
2025-02-16 10:00:00,0.19803995
2025-02-16 11:00:00,0.14496699
2025-02-16 12:00:00,0.100066885
